email,company,region,country,agent_type,priority_tier,contact_role,status,trigger_segment,last_contact,notes
partnerships@virtuoso.com,Virtuoso,USA,USA,NETWORK,A,partnerships,not-contacted,us_luxury,,
preferred@virtuoso.com,Virtuoso,USA,USA,NETWORK,A,preferred_supplier,not-contacted,us_luxury,,
contracting@virtuoso.com,Virtuoso,USA,USA,NETWORK,A,contracting,not-contacted,us_luxury,,
product@virtuoso.com,Virtuoso,USA,USA,NETWORK,A,product,not-contacted,us_luxury,,
partners@signaturetravelnetwork.com,Signature Travel Network,USA,USA,NETWORK,A,partnerships,not-contacted,us_luxury,,
preferred@signaturetravelnetwork.com,Signature Travel Network,USA,USA,NETWORK,A,preferred_supplier,not-contacted,us_luxury,,
contracting@signaturetravelnetwork.com,Signature Travel Network,USA,USA,NETWORK,A,contracting,not-contacted,us_luxury,,
product@signaturetravelnetwork.com,Signature Travel Network,USA,USA,NETWORK,A,product,not-contacted,us_luxury,,
partnerships@travelleaders.com,Travel Leaders Group,USA,USA,NETWORK,A,partnerships,not-contacted,us_luxury,,
preferred@travelleaders.com,Travel Leaders Group,USA,USA,NETWORK,A,preferred_supplier,not-contacted,us_luxury,,
contracting@travelleaders.com,Travel Leaders Group,USA,USA,NETWORK,A,contracting,not-contacted,us_luxury,,
product@travelleaders.com,Travel Leaders Group,USA,USA,NETWORK,A,product,not-contacted,us_luxury,,
contracting@abercrombiekent.com,Abercrombie & Kent USA,USA,USA,LUXURY_OPERATOR,A,contracting,not-contacted,us_luxury,,
product@abercrombiekent.com,Abercrombie & Kent USA,USA,USA,LUXURY_OPERATOR,A,product,not-contacted,us_luxury,,
sales@abercrombiekent.com,Abercrombie & Kent USA,USA,USA,LUXURY_OPERATOR,A,sales,not-contacted,us_luxury,,
reservations@abercrombiekent.com,Abercrombie & Kent USA,USA,USA,LUXURY_OPERATOR,A,reservations,not-contacted,us_luxury,,
contracting@classicvacations.com,Classic Vacations,USA,USA,TOUR_OPERATOR,A,contracting,not-contacted,us_luxury,,
product@classicvacations.com,Classic Vacations,USA,USA,TOUR_OPERATOR,A,product,not-contacted,us_luxury,,
sales@classicvacations.com,Classic Vacations,USA,USA,TOUR_OPERATOR,A,sales,not-contacted,us_luxury,,
reservations@classicvacations.com,Classic Vacations,USA,USA,TOUR_OPERATOR,A,reservations,not-contacted,us_luxury,,
contracting@applevacations.com,Apple Vacations,USA,USA,TOUR_OPERATOR,B,contracting,not-contacted,us_luxury,,
product@applevacations.com,Apple Vacations,USA,USA,TOUR_OPERATOR,B,product,not-contacted,us_luxury,,
sales@applevacations.com,Apple Vacations,USA,USA,TOUR_OPERATOR,B,sales,not-contacted,us_luxury,,
reservations@applevacations.com,Apple Vacations,USA,USA,TOUR_OPERATOR,B,reservations,not-contacted,us_luxury,,
partners@journese.com,Journese,USA,USA,NETWORK,B,partnerships,not-contacted,us_luxury,,
preferred@journese.com,Journese,USA,USA,NETWORK,B,preferred_supplier,not-contacted,us_luxury,,
contracting@journese.com,Journese,USA,USA,NETWORK,B,contracting,not-contacted,us_luxury,,
product@journese.com,Journese,USA,USA,NETWORK,B,product,not-contacted,us_luxury,,
contracting@brownelltravel.com,Brownell Travel,USA,USA,LUXURY_AGENT,A,contracting,not-contacted,us_luxury,,
product@brownelltravel.com,Brownell Travel,USA,USA,LUXURY_AGENT,A,product,not-contacted,us_luxury,,
sales@brownelltravel.com,Brownell Travel,USA,USA,LUXURY_AGENT,A,sales,not-contacted,us_luxury,,
reservations@brownelltravel.com,Brownell Travel,USA,USA,LUXURY_AGENT,A,reservations,not-contacted,us_luxury,,
contracting@andbeyond.com,&Beyond,USA,USA,LUXURY_OPERATOR,A,contracting,not-contacted,us_luxury,,
product@andbeyond.com,&Beyond,USA,USA,LUXURY_OPERATOR,A,product,not-contacted,us_luxury,,
sales@andbeyond.com,&Beyond,USA,USA,LUXURY_OPERATOR,A,sales,not-contacted,us_luxury,,
reservations@andbeyond.com,&Beyond,USA,USA,LUXURY_OPERATOR,A,reservations,not-contacted,us_luxury,,
contracting@remoteafrica.com,Remote Africa,USA,USA,LUXURY_AGENT,A,contracting,not-contacted,us_luxury,,
product@remoteafrica.com,Remote Africa,USA,USA,LUXURY_AGENT,A,product,not-contacted,us_luxury,,
sales@remoteafrica.com,Remote Africa,USA,USA,LUXURY_AGENT,A,sales,not-contacted,us_luxury,,
partnerships@internova.com,Internova Travel,USA,USA,NETWORK,A,partnerships,not-contacted,us_luxury,,
contracting@cvc.com.br,CVC Corp,LATAM,Brazil,TOUR_OPERATOR,A,contracting,not-contacted,latam_honeymoon,,
product@cvc.com.br,CVC Corp,LATAM,Brazil,TOUR_OPERATOR,A,product,not-contacted,latam_honeymoon,,
sales@cvc.com.br,CVC Corp,LATAM,Brazil,TOUR_OPERATOR,A,sales,not-contacted,latam_honeymoon,,
reservations@cvc.com.br,CVC Corp,LATAM,Brazil,TOUR_OPERATOR,A,reservations,not-contacted,latam_honeymoon,,
contracting@decolar.com,Decolar,LATAM,Argentina,OTA,A,contracting,not-contacted,latam_honeymoon,,
product@decolar.com,Decolar,LATAM,Argentina,OTA,A,product,not-contacted,latam_honeymoon,,
sales@decolar.com,Decolar,LATAM,Argentina,OTA,A,sales,not-contacted,latam_honeymoon,,
reservations@decolar.com,Decolar,LATAM,Argentina,OTA,A,reservations,not-contacted,latam_honeymoon,,
contracting@bestday.com,Best Day Travel,LATAM,Mexico,TOUR_OPERATOR,B,contracting,not-contacted,latam_honeymoon,,
product@bestday.com,Best Day Travel,LATAM,Mexico,TOUR_OPERATOR,B,product,not-contacted,latam_honeymoon,,
sales@bestday.com,Best Day Travel,LATAM,Mexico,TOUR_OPERATOR,B,sales,not-contacted,latam_honeymoon,,
reservations@bestday.com,Best Day Travel,LATAM,Mexico,TOUR_OPERATOR,B,reservations,not-contacted,latam_honeymoon,,
contracting@pricetravel.com.mx,PriceTravel,LATAM,Mexico,TOUR_OPERATOR,B,contracting,not-contacted,latam_honeymoon,,
product@pricetravel.com.mx,PriceTravel,LATAM,Mexico,TOUR_OPERATOR,B,product,not-contacted,latam_honeymoon,,
sales@pricetravel.com.mx,PriceTravel,LATAM,Mexico,TOUR_OPERATOR,B,sales,not-contacted,latam_honeymoon,,
reservations@pricetravel.com.mx,PriceTravel,LATAM,Mexico,TOUR_OPERATOR,B,reservations,not-contacted,latam_honeymoon,,
contracting@agaxtur.com.br,Agaxtur,LATAM,Brazil,TOUR_OPERATOR,B,contracting,not-contacted,latam_honeymoon,,
product@agaxtur.com.br,Agaxtur,LATAM,Brazil,TOUR_OPERATOR,B,product,not-contacted,latam_honeymoon,,
sales@agaxtur.com.br,Agaxtur,LATAM,Brazil,TOUR_OPERATOR,B,sales,not-contacted,latam_honeymoon,,
reservations@agaxtur.com.br,Agaxtur,LATAM,Brazil,TOUR_OPERATOR,B,reservations,not-contacted,latam_honeymoon,,
contracting@queensberry.com.br,Queensberry,LATAM,Brazil,LUXURY_AGENT,A,contracting,not-contacted,latam_honeymoon,,
product@queensberry.com.br,Queensberry,LATAM,Brazil,LUXURY_AGENT,A,product,not-contacted,latam_honeymoon,,
sales@queensberry.com.br,Queensberry,LATAM,Brazil,LUXURY_AGENT,A,sales,not-contacted,latam_honeymoon,,
reservations@queensberry.com.br,Queensberry,LATAM,Brazil,LUXURY_AGENT,A,reservations,not-contacted,latam_honeymoon,,
contracting@despegar.com,Despegar,LATAM,Argentina,OTA,A,contracting,not-contacted,latam_honeymoon,,
product@despegar.com,Despegar,LATAM,Argentina,OTA,A,product,not-contacted,latam_honeymoon,,
sales@despegar.com,Despegar,LATAM,Argentina,OTA,A,sales,not-contacted,latam_honeymoon,,
contracting@viajanet.com.br,ViajaNet,LATAM,Brazil,OTA,B,contracting,not-contacted,latam_honeymoon,,
product@viajanet.com.br,ViajaNet,LATAM,Brazil,OTA,B,product,not-contacted,latam_honeymoon,,
sales@viajanet.com.br,ViajaNet,LATAM,Brazil,OTA,B,sales,not-contacted,latam_honeymoon,,
contracting@chanbrothers.com,Chan Brothers Travel,Asia,Singapore,TOUR_OPERATOR,A,contracting,not-contacted,asia_fast,,
product@chanbrothers.com,Chan Brothers Travel,Asia,Singapore,TOUR_OPERATOR,A,product,not-contacted,asia_fast,,
sales@chanbrothers.com,Chan Brothers Travel,Asia,Singapore,TOUR_OPERATOR,A,sales,not-contacted,asia_fast,,
reservations@chanbrothers.com,Chan Brothers Travel,Asia,Singapore,TOUR_OPERATOR,A,reservations,not-contacted,asia_fast,,
contracting@wts.travel,WTS Travel,Asia,Singapore,TOUR_OPERATOR,A,contracting,not-contacted,asia_fast,,
product@wts.travel,WTS Travel,Asia,Singapore,TOUR_OPERATOR,A,product,not-contacted,asia_fast,,
sales@wts.travel,WTS Travel,Asia,Singapore,TOUR_OPERATOR,A,sales,not-contacted,asia_fast,,
reservations@wts.travel,WTS Travel,Asia,Singapore,TOUR_OPERATOR,A,reservations,not-contacted,asia_fast,,
contracting@diethelmtravel.com,Diethelm Travel,Asia,Thailand,TOUR_OPERATOR,A,contracting,not-contacted,asia_fast,,
product@diethelmtravel.com,Diethelm Travel,Asia,Thailand,TOUR_OPERATOR,A,product,not-contacted,asia_fast,,
sales@diethelmtravel.com,Diethelm Travel,Asia,Thailand,TOUR_OPERATOR,A,sales,not-contacted,asia_fast,,
reservations@diethelmtravel.com,Diethelm Travel,Asia,Thailand,TOUR_OPERATOR,A,reservations,not-contacted,asia_fast,,
contracting@asiaworldenterprise.com,Asia World Enterprise,Asia,Vietnam,TOUR_OPERATOR,B,contracting,not-contacted,asia_fast,,
product@asiaworldenterprise.com,Asia World Enterprise,Asia,Vietnam,TOUR_OPERATOR,B,product,not-contacted,asia_fast,,
sales@asiaworldenterprise.com,Asia World Enterprise,Asia,Vietnam,TOUR_OPERATOR,B,sales,not-contacted,asia_fast,,
reservations@asiaworldenterprise.com,Asia World Enterprise,Asia,Vietnam,TOUR_OPERATOR,B,reservations,not-contacted,asia_fast,,
contracting@goldentourworld.com,Golden Tourworld Travel,Asia,Malaysia,TOUR_OPERATOR,B,contracting,not-contacted,asia_fast,,
product@goldentourworld.com,Golden Tourworld Travel,Asia,Malaysia,TOUR_OPERATOR,B,product,not-contacted,asia_fast,,
sales@goldentourworld.com,Golden Tourworld Travel,Asia,Malaysia,TOUR_OPERATOR,B,sales,not-contacted,asia_fast,,
reservations@goldentourworld.com,Golden Tourworld Travel,Asia,Malaysia,TOUR_OPERATOR,B,reservations,not-contacted,asia_fast,,
contracting@panoramatours.co.th,Panorama Destination,Asia,Thailand,TOUR_OPERATOR,A,contracting,not-contacted,asia_fast,,
product@panoramatours.co.th,Panorama Destination,Asia,Thailand,TOUR_OPERATOR,A,product,not-contacted,asia_fast,,
sales@panoramatours.co.th,Panorama Destination,Asia,Thailand,TOUR_OPERATOR,A,sales,not-contacted,asia_fast,,
reservations@panoramatours.co.th,Panorama Destination,Asia,Thailand,TOUR_OPERATOR,A,reservations,not-contacted,asia_fast,,
contracting@holidayindochina.com,Holiday Indochina,Asia,Vietnam,TOUR_OPERATOR,B,contracting,not-contacted,asia_fast,,
product@holidayindochina.com,Holiday Indochina,Asia,Vietnam,TOUR_OPERATOR,B,product,not-contacted,asia_fast,,
sales@holidayindochina.com,Holiday Indochina,Asia,Vietnam,TOUR_OPERATOR,B,sales,not-contacted,asia_fast,,
contracting@uniontravel.com,Union Travel,Asia,Malaysia,TOUR_OPERATOR,B,contracting,not-contacted,asia_fast,,
product@uniontravel.com,Union Travel,Asia,Malaysia,TOUR_OPERATOR,B,product,not-contacted,asia_fast,,
sales@uniontravel.com,Union Travel,Asia,Malaysia,TOUR_OPERATOR,B,sales,not-contacted,asia_fast,,
contracting@dertouristik.com,DER Touristik,Europe,Germany,TOUR_OPERATOR,A,contracting,not-contacted,eu_luxury,,
maldives@dertouristik.com,DER Touristik,Europe,Germany,TOUR_OPERATOR,A,product,not-contacted,eu_luxury,,
airtours.contracting@tui.com,TUI Airtours,Europe,Germany/UK,TOUR_OPERATOR,A,contracting,not-contacted,eu_luxury,,
airtours.product@tui.com,TUI Airtours,Europe,Germany/UK,TOUR_OPERATOR,A,product,not-contacted,eu_luxury,,
contracting@kuoni.com,Kuoni Travel,Europe,Switzerland/UK,LUXURY_OPERATOR,A,contracting,not-contacted,eu_luxury,,
product@kuoni.com,Kuoni Travel,Europe,Switzerland/UK,LUXURY_OPERATOR,A,product,not-contacted,eu_luxury,,
contracting@hotelplan.com,Hotelplan,Europe,Switzerland,TOUR_OPERATOR,A,contracting,not-contacted,eu_luxury,,
product@hotelplan.com,Hotelplan,Europe,Switzerland,TOUR_OPERATOR,A,product,not-contacted,eu_luxury,,
trade@elegantresorts.co.uk,Elegant Resorts,Europe,UK,LUXURY_AGENT,A,trade,not-contacted,eu_luxury,,
product@elegantresorts.co.uk,Elegant Resorts,Europe,UK,LUXURY_AGENT,A,product,not-contacted,eu_luxury,,
trade@scottdunn.com,Scott Dunn,Europe,UK,LUXURY_AGENT,A,trade,not-contacted,eu_luxury,,
product@scottdunn.com,Scott Dunn,Europe,UK,LUXURY_AGENT,A,product,not-contacted,eu_luxury,,
agents@audleytravel.com,Audley Travel,Europe,UK,LUXURY_AGENT,A,agents,not-contacted,eu_luxury,,
product@audleytravel.com,Audley Travel,Europe,UK,LUXURY_AGENT,A,product,not-contacted,eu_luxury,,
reservations@carrier.co.uk,Carrier,Europe,UK,LUXURY_AGENT,B,reservations,not-contacted,eu_luxury,,
product@carrier.co.uk,Carrier,Europe,UK,LUXURY_AGENT,B,product,not-contacted,eu_luxury,,
contracting@trailfinders.com,Trailfinders,Europe,UK,LUXURY_AGENT,A,contracting,not-contacted,eu_luxury,,
product@trailfinders.com,Trailfinders,Europe,UK,LUXURY_AGENT,A,product,not-contacted,eu_luxury,,
pro@voyageursdumonde.fr,Voyageurs du Monde,Europe,France,LUXURY_AGENT,A,pro,not-contacted,eu_luxury,,
produit@voyageursdumonde.fr,Voyageurs du Monde,Europe,France,LUXURY_AGENT,A,product,not-contacted,eu_luxury,,
b2b@comptoir.fr,Comptoir des Voyages,Europe,France,SPECIALIST_AGENT,B,b2b,not-contacted,eu_luxury,,
produit@comptoir.fr,Comptoir des Voyages,Europe,France,SPECIALIST_AGENT,B,product,not-contacted,eu_luxury,,
contracting@turisanda.it,Turisanda,Europe,Italy,TOUR_OPERATOR,B,contracting,not-contacted,eu_luxury,,
prodotto@turisanda.it,Turisanda,Europe,Italy,TOUR_OPERATOR,B,product,not-contacted,eu_luxury,,
sales@alidays.it,Alidays,Europe,Italy,TOUR_OPERATOR,B,sales,not-contacted,eu_luxury,,
prodotto@alidays.it,Alidays,Europe,Italy,TOUR_OPERATOR,B,product,not-contacted,eu_luxury,,
contracting@designreisen.de,Design Reisen,Europe,Germany,LUXURY_AGENT,A,contracting,not-contacted,eu_luxury,,
product@designreisen.de,Design Reisen,Europe,Germany,LUXURY_AGENT,A,product,not-contacted,eu_luxury,,
contracting@ewtc.de,EWTC,Europe,Germany,LUXURY_AGENT,B,contracting,not-contacted,eu_luxury,,
product@ewtc.de,EWTC,Europe,Germany,LUXURY_AGENT,B,product,not-contacted,eu_luxury,,
salesinquiries@amadeus.com,Amadeus,EMEA,Global,GDS,A,sales,not-contacted,gds_global,,
sabreach@sabre.com,Sabre,Americas,USA,GDS,A,sales,not-contacted,gds_global,,
sales@travelport.com,Travelport,Global,UK,GDS,A,sales,not-contacted,gds_global,,
sales@honeymoondreams.co.uk,Honeymoon Dreams,EU,UK,HONEYMOON_SPECIALIST,A,sales,eu_honeymoon,unverified,,
contracts@romanticgetaways.com,Romantic Getaways,EU,UK,HONEYMOON_SPECIALIST,A,contracts,eu_honeymoon,unverified,,
product@justmarriedtravel.com,Just Married Travel,EU,UK,HONEYMOON_SPECIALIST,A,product,eu_honeymoon,unverified,,
luxury@scottdunn.com,Scott Dunn,EU,UK,LUXURY_ROMANCE,A,luxury,eu_honeymoon_luxury,unverified,,
honeymoon@elegantresorts.co.uk,Elegant Resorts,EU,UK,LUXURY_ROMANCE,A,honeymoon_specialist,eu_honeymoon_luxury,unverified,,
romance@audleytravel.com,Audley Travel,EU,UK,LUXURY_ROMANCE,A,romance,eu_honeymoon_luxury,unverified,,
weddings@carrier.co.uk,Carrier,EU,UK,WEDDING_TRAVEL,A,weddings,eu_honeymoon_wedding,unverified,,
couples@kuoni.co.uk,Kuoni,EU,UK,HONEYMOON_SPECIALIST,A,couples,eu_honeymoon,unverified,,
private@blacktomato.com,Black Tomato,EU,UK,LUXURY_ROMANCE,A,private_client,eu_honeymoon_luxury,unverified,,
experiences@originaltravel.co.uk,Original Travel,EU,UK,LUXURY_ROMANCE,A,experiences,eu_honeymoon_luxury,unverified,,
romance@wildfrontierstravel.com,Wild Frontiers,EU,UK,LUXURY_ROMANCE,A,romance,eu_honeymoon_luxury,unverified,,
honeymoon@steppestravel.com,Steppes Travel,EU,UK,HONEYMOON_SPECIALIST,A,honeymoon,eu_honeymoon,unverified,,
couples@remote.co.uk,Remote,EU,UK,LUXURY_ROMANCE,A,couples,eu_honeymoon_luxury,unverified,,
luxury@abercrombiekent.co.uk,Abercrombie & Kent,EU,UK,LUXURY_ROMANCE,A,luxury,eu_honeymoon_luxury,unverified,,
romance@coxandkings.co.uk,Cox & Kings,EU,UK,LUXURY_ROMANCE,B,romance,eu_honeymoon_luxury,unverified,,
private@keranddowney.com,Ker & Downey,EU,UK,LUXURY_ROMANCE,A,private,eu_honeymoon_luxury,unverified,,
couples@andbeyond.com,&Beyond,EU,UK,LUXURY_ROMANCE,A,couples,eu_honeymoon_luxury,unverified,,
honeymoon@micato.com,Micato Safaris,EU,UK,HONEYMOON_SPECIALIST,B,honeymoon,eu_honeymoon,unverified,,
romance@naturalhighs.com,Natural Highs,EU,UK,LUXURY_ROMANCE,A,romance,eu_honeymoon_luxury,unverified,,
luxury@adventurecompany.co.uk,The Adventure Company,EU,UK,LUXURY_ROMANCE,B,luxury,eu_honeymoon_luxury,unverified,,
couples@wilderness.travel,Wilderness Travel,EU,UK,LUXURY_ROMANCE,A,couples,eu_honeymoon_luxury,unverified,,
honeymoon@mountaintravel.com,Mountain Travel,EU,UK,HONEYMOON_SPECIALIST,A,honeymoon,eu_honeymoon,unverified,,
romance@greentraveller.co.uk,Green Traveller,EU,UK,LUXURY_ROMANCE,B,romance,eu_honeymoon_luxury,unverified,,
private@responsibletravel.com,Responsible Travel,EU,UK,LUXURY_ROMANCE,A,private,eu_honeymoon_luxury,unverified,,
couples@intrepid.com,Intrepid Travel,EU,UK,LUXURY_ROMANCE,A,couples,eu_honeymoon_luxury,unverified,,
honeymoon@gadventures.com,G Adventures,EU,UK,HONEYMOON_SPECIALIST,B,honeymoon,eu_honeymoon,unverified,,
romance@realjourneys.co.nz,Real Journeys,EU,NZ,LUXURY_ROMANCE,B,romance,eu_honeymoon_luxury,unverified,,
luxury@worldexpeditions.com,World Expeditions,EU,AU,LUXURY_ROMANCE,B,luxury,eu_honeymoon_luxury,unverified,,
couples@exodus.co.uk,Exodus Travels,EU,UK,LUXURY_ROMANCE,A,couples,eu_honeymoon_luxury,unverified,,
honeymoon@dragoman.com,Dragoman,EU,UK,HONEYMOON_SPECIALIST,B,honeymoon,eu_honeymoon,unverified,,
romance@overland.co.uk,Overland,EU,UK,LUXURY_ROMANCE,B,romance,eu_honeymoon_luxury,unverified,,
private@trailfinders.com,Trailfinders,EU,UK,LUXURY_ROMANCE,B,private,eu_honeymoon_luxury,unverified,,
couples@flightcentre.co.uk,Flight Centre,EU,UK,HONEYMOON_SPECIALIST,B,couples,eu_honeymoon,unverified,,
honeymoon@haysworldtravel.com,Hays World Travel,EU,UK,HONEYMOON_SPECIALIST,A,honeymoon,eu_honeymoon,unverified,,
romance@travelcounsellors.com,Travel Counsellors,EU,UK,LUXURY_ROMANCE,A,romance,eu_honeymoon_luxury,unverified,,
luxury@bon-voyage.co.uk,Bon Voyage,EU,UK,LUXURY_ROMANCE,A,luxury,eu_honeymoon_luxury,unverified,,
couples@journeylatinamerica.co.uk,Journey Latin America,EU,UK,LUXURY_ROMANCE,A,couples,eu_honeymoon_luxury,unverified,,
honeymoon@expertglobaltravel.com,Expert Global Travel,EU,UK,HONEYMOON_SPECIALIST,A,honeymoon,eu_honeymoon,unverified,,
romance@thetravelclub.co.uk,The Travel Club,EU,UK,LUXURY_ROMANCE,B,romance,eu_honeymoon_luxury,unverified,,
private@theplatinumtraveller.co.uk,The Platinum Traveller,EU,UK,LUXURY_ROMANCE,A,private,eu_honeymoon_luxury,unverified,,
couples@theholidayplace.co.uk,The Holiday Place,EU,UK,HONEYMOON_SPECIALIST,B,couples,eu_honeymoon,unverified,,
honeymoon@travel2.com,Travel2,EU,UK,HONEYMOON_SPECIALIST,A,honeymoon,eu_honeymoon,unverified,,
romance@travelassociates.com,Travel Associates,EU,AU,LUXURY_ROMANCE,A,romance,eu_honeymoon_luxury,unverified,,
luxury@travelwithpurpose.com,Travel With Purpose,EU,UK,LUXURY_ROMANCE,B,luxury,eu_honeymoon_luxury,unverified,,
couples@journeybeyondtravel.com,Journey Beyond Travel,EU,UK,LUXURY_ROMANCE,A,couples,eu_honeymoon_luxury,unverified,,
honeymoon@travelmarvel.com,Travel Marvel,EU,AU,HONEYMOON_SPECIALIST,B,honeymoon,eu_honeymoon,unverified,,
romance@travelcorp.com,Travel Corporation,EU,UK,LUXURY_ROMANCE,A,romance,eu_honeymoon_luxury,unverified,,
private@travelsphere.co.uk,Travel Sphere,EU,UK,LUXURY_ROMANCE,B,private,eu_honeymoon_luxury,unverified,,
couples@travelnetwork.co.uk,Travel Network,EU,UK,HONEYMOON_SPECIALIST,B,couples,eu_honeymoon,unverified,,
honeymoon@travelone.co.uk,Travel One,EU,UK,HONEYMOON_SPECIALIST,A,honeymoon,eu_honeymoon,unverified,,
romance@travelpride.com,Travel Pride,EU,NL,LUXURY_ROMANCE,B,romance,eu_honeymoon_luxury,unverified,,
luxury@travelunique.de,Travel Unique,EU,Germany,LUXURY_ROMANCE,A,luxury,eu_honeymoon_luxury,unverified,,
couples@traumziele.de,Traumziele,EU,Germany,HONEYMOON_SPECIALIST,A,couples,eu_honeymoon,unverified,,
honeymoon@romantik.de,Romantik Hotels Travel,EU,Germany,HONEYMOON_SPECIALIST,A,honeymoon,eu_honeymoon,unverified,,
romance@ferien-mit-herz.de,Ferien mit Herz,EU,Germany,LUXURY_ROMANCE,B,romance,eu_honeymoon_luxury,unverified,,
private@luxusreisen.de,Luxusreisen,EU,Germany,LUXURY_ROMANCE,A,private,eu_honeymoon_luxury,unverified,,
couples@flitterwochen.de,Flitterwochen Spezialist,EU,Germany,HONEYMOON_SPECIALIST,A,couples,eu_honeymoon,unverified,,
honeymoon@romantische-reisen.de,Romantische Reisen,EU,Germany,HONEYMOON_SPECIALIST,A,honeymoon,eu_honeymoon,unverified,,
romance@verliebt-in-reisen.de,Verliebt in Reisen,EU,Germany,LUXURY_ROMANCE,B,romance,eu_honeymoon_luxury,unverified,,
luxury@elite-reisen.de,Elite Reisen,EU,Germany,LUXURY_ROMANCE,A,luxury,eu_honeymoon_luxury,unverified,,
couples@paar-reisen.de,Paar Reisen,EU,Germany,HONEYMOON_SPECIALIST,B,couples,eu_honeymoon,unverified,,
honeymoon@zweisam-reisen.de,Zweisam Reisen,EU,Germany,HONEYMOON_SPECIALIST,A,honeymoon,eu_honeymoon,unverified,,
romance@amour-reisen.fr,Amour Voyages,EU,France,LUXURY_ROMANCE,A,romance,eu_honeymoon_luxury,unverified,,
luxury@luxe-voyages.fr,Luxe Voyages,EU,France,LUXURY_ROMANCE,A,luxury,eu_honeymoon_luxury,unverified,,
couples@lune-de-miel.fr,Lune de Miel Spécialiste,EU,France,HONEYMOON_SPECIALIST,A,couples,eu_honeymoon,unverified,,
honeymoon@romance-voyages.fr,Romance Voyages,EU,France,HONEYMOON_SPECIALIST,A,honeymoon,eu_honeymoon,unverified,,
romance@voyages-en-duo.fr,Voyages en Duo,EU,France,LUXURY_ROMANCE,B,romance,eu_honeymoon_luxury,unverified,,
private@privilege-voyages.fr,Privilege Voyages,EU,France,LUXURY_ROMANCE,A,private,eu_honeymoon_luxury,unverified,,
couples@couple-et-voyages.fr,Couple & Voyages,EU,France,HONEYMOON_SPECIALIST,B,couples,eu_honeymoon,unverified,,
honeymoon@amoureux-du-monde.fr,Amoureux du Monde,EU,France,HONEYMOON_SPECIALIST,A,honeymoon,eu_honeymoon,unverified,,
romance@viaggi-romantici.it,Viaggi Romantici,EU,Italy,LUXURY_ROMANCE,A,romance,eu_honeymoon_luxury,unverified,,
luxury@luna-di-miele.it,Luna di Miele Luxury,EU,Italy,LUXURY_ROMANCE,A,luxury,eu_honeymoon_luxury,unverified,,
couples@viaggi-di-coppia.it,Viaggi di Coppia,EU,Italy,HONEYMOON_SPECIALIST,A,couples,eu_honeymoon,unverified,,
honeymoon@amore-e-viaggi.it,Amore e Viaggi,EU,Italy,HONEYMOON_SPECIALIST,A,honeymoon,eu_honeymoon,unverified,,
romance@viaggiare-insieme.it,Viaggiare Insieme,EU,Italy,LUXURY_ROMANCE,B,romance,eu_honeymoon_luxury,unverified,,
private@viaggi-esclusivi.it,Viaggi Esclusivi,EU,Italy,LUXURY_ROMANCE,A,private,eu_honeymoon_luxury,unverified,,
couples@due-cuori-viaggi.it,Due Cuori Viaggi,EU,Italy,HONEYMOON_SPECIALIST,B,couples,eu_honeymoon,unverified,,
honeymoon@romanticismo-viaggi.it,Romanticismo Viaggi,EU,Italy,HONEYMOON_SPECIALIST,A,honeymoon,eu_honeymoon,unverified,,
romance@viajes-romanticos.es,Viajes Románticos,EU,Spain,LUXURY_ROMANCE,A,romance,eu_honeymoon_luxury,unverified,,
luxury@luna-de-miel.es,Luna de Miel Luxury,EU,Spain,LUXURY_ROMANCE,A,luxury,eu_honeymoon_luxury,unverified,,
couples@viajes-en-pareja.es,Viajes en Pareja,EU,Spain,HONEYMOON_SPECIALIST,A,couples,eu_honeymoon,unverified,,
honeymoon@amor-y-viajes.es,Amor y Viajes,EU,Spain,HONEYMOON_SPECIALIST,A,honeymoon,eu_honeymoon,unverified,,
romance@viajar-juntos.es,Viajar Juntos,EU,Spain,LUXURY_ROMANCE,B,romance,eu_honeymoon_luxury,unverified,,
private@viajes-exclusivos.es,Viajes Esclusivos,EU,Spain,LUXURY_ROMANCE,A,private,eu_honeymoon_luxury,unverified,,
couples@dos-corazones-viajes.es,Dos Corazones Viajes,EU,Spain,HONEYMOON_SPECIALIST,B,couples,eu_honeymoon,unverified,,
honeymoon@romance-viajes.es,Romance Viajes,EU,Spain,HONEYMOON_SPECIALIST,A,honeymoon,eu_honeymoon,unverified,,
romance@huwelijksreizen.nl,Huwelijksreizen Specialist,EU,Netherlands,HONEYMOON_SPECIALIST,A,romance,eu_honeymoon,unverified,,
luxury@luxe-huwelijksreis.nl,Luxe Huwelijksreis,EU,Netherlands,LUXURY_ROMANCE,A,luxury,eu_honeymoon_luxury,unverified,,
couples@samen-op-reis.nl,Samen Op Reis,EU,Netherlands,HONEYMOON_SPECIALIST,A,couples,eu_honeymoon,unverified,,
honeymoon@romantische-reizen.nl,Romantische Reizen NL,EU,Netherlands,HONEYMOON_SPECIALIST,A,honeymoon,eu_honeymoon,unverified,,
romance@twee-harten-reizen.nl,Twee Harten Reizen,EU,Netherlands,LUXURY_ROMANCE,B,romance,eu_honeymoon_luxury,unverified,,
private@exclusieve-reizen.nl,Exclusieve Reizen,EU,Netherlands,LUXURY_ROMANCE,A,private,eu_honeymoon_luxury,unverified,,
couples@verliefd-op-reizen.nl,Verliefd Op Reizen,EU,Netherlands,HONEYMOON_SPECIALIST,B,couples,eu_honeymoon,unverified,,
honeymoon@huwelijksreis-specialist.nl,Huwelijksreis Specialist,EU,Netherlands,HONEYMOON_SPECIALIST,A,honeymoon,eu_honeymoon,unverified,,
romance@brudpar-resor.se,Brudpar Resor,EU,Sweden,HONEYMOON_SPECIALIST,A,romance,eu_honeymoon,unverified,,
luxury@lyx-brudpar.se,Lyx Brudpar,EU,Sweden,LUXURY_ROMANCE,A,luxury,eu_honeymoon_luxury,unverified,,
couples@par-resor.se,Par Resor,EU,Sweden,HONEYMOON_SPECIALIST,A,couples,eu_honeymoon,unverified,,
honeymoon@romantiska-resor.se,Romantiska Resor,EU,Sweden,HONEYMOON_SPECIALIST,A,honeymoon,eu_honeymoon,unverified,,
romance@två-hjärtan-resor.se,Två Hjärtan Resor,EU,Sweden,LUXURY_ROMANCE,B,romance,eu_honeymoon_luxury,unverified,,
private@exklusiva-resor.se,Exklusiva Resor,EU,Sweden,LUXURY_ROMANCE,A,private,eu_honeymoon_luxury,unverified,,
luxury@quintessentially.com,Quintessentially Travel,EU,UK,UHNWI_CONCIERGE,A,luxury_director,uhnwi_privacy,privacy_seekers,unverified,
private@johnpaul.com,John Paul Group,EU,France,UHNWI_CONCIERGE,A,private_client,uhnwi_privacy,privacy_seekers,unverified,
royal@knightsbridgecircle.com,Knightsbridge Circle,EU,UK,UHNWI_CONCIERGE,A,royal_liaison,uhnwi_privacy,privacy_seekers,unverified,
vip@lesconcierges.com,Les Concierges,EU,France,UHNWI_CONCIERGE,A,vip_services,uhnwi_privacy,privacy_seekers,unverified,
discretion@blacktomato.com,Black Tomato (Blink),EU,UK,UHNWI_CONCIERGE,A,discretion_lead,uhnwi_privacy,privacy_seekers,unverified,
secure@internationaltravel.com,International Travel Collection,EU,UK,UHNWI_CONCIERGE,A,security_travel,uhnwi_privacy,privacy_seekers,unverified,
privatejet@airpartner.com,Air Partner Private Jets,EU,UK,UHNWI_CONCIERGE,A,jet_charter,uhnwi_privacy,privacy_seekers,unverified,
yacht@camperandnicholsons.com,Camper & Nicholsons Travel,EU,UK,UHNWI_CONCIERGE,A,yacht_liaison,uhnwi_privacy,privacy_seekers,unverified,
security@garrisontravel.com,Garrison Travel,EU,UK,UHNWI_CONCIERGE,A,security_consultant,uhnwi_privacy,privacy_seekers,unverified,
confidential@thealexandergroup.com,The Alexander Group,,USA,UHNWI_CONCIERGE,A,confidential_travel,uhnwi_privacy,privacy_seekers,unverified,
gcc@elitehavens.com,Elite Havens (GCC Desk),ASIA,UAE,UHNWI_CONCIERGE,A,gcc_relations,uhnwi_privacy,privacy_seekers,unverified,
royal@platinumlist.ae,Platinum List (Royal Division),ASIA,UAE,UHNWI_CONCIERGE,A,royal_desk,uhnwi_privacy,privacy_seekers,unverified,
private@serendipityconsultants.com,Serendipity Consultants,EU,UK,UHNWI_CONCIERGE,A,private_itineraries,uhnwi_privacy,privacy_seekers,unverified,
discretion@curated.travel,Curated Travel,EU,UK,UHNWI_CONCIERGE,A,discretion_manager,uhnwi_privacy,privacy_seekers,unverified,
vip@thejetsetway.com,The Jetset Way,,USA,UHNWI_CONCIERGE,A,vip_experience,uhnwi_privacy,privacy_seekers,unverified,
secure@executivejetmanagement.com,Executive Jet Management,,USA,UHNWI_CONCIERGE,A,secure_travel,uhnwi_privacy,privacy_seekers,unverified,
confidential@bon-voyage.co.uk,Bon Voyage (Confidential),EU,UK,UHNWI_CONCIERGE,A,confidential_desk,uhnwi_privacy,privacy_seekers,unverified,
vip@originaltravel.co.uk,Original Travel (VIP),EU,UK,UHNWI_CONCIERGE,A,vip_luxury,uhnwi_privacy,privacy_seekers,unverified,
private@scottdunn.com,Scott Dunn (Private),EU,UK,UHNWI_CONCIERGE,A,private_luxury,uhnwi_privacy,privacy_seekers,unverified,
families@elegantresorts.co.uk,Elegant Resorts (Family),EU,UK,UHNWI_FAMILY,A,family_specialist,uhnwi_legacy,legacy_travelers,unverified,
multigen@audleytravel.com,Audley Travel (Family),EU,UK,UHNWI_FAMILY,A,multigen_planner,uhnwi_legacy,legacy_travelers,unverified,
estates@kuoni.co.uk,Kuoni Private Estates,EU,UK,UHNWI_FAMILY,A,estate_coordinator,uhnwi_legacy,legacy_travelers,unverified,
generations@carrier.co.uk,Carrier (Legacy),EU,UK,UHNWI_FAMILY,A,legacy_planner,uhnwi_legacy,legacy_travelers,unverified,
family@wildfrontierstravel.com,Wild Frontiers (Family),EU,UK,UHNWI_FAMILY,A,family_adventure,uhnwi_legacy,legacy_travelers,unverified,
privateestates@andbeyond.com,&Beyond Private Estates,EU,UK,UHNWI_FAMILY,A,estate_manager,uhnwi_legacy,legacy_travelers,unverified,
multigenerational@abercrombiekent.co.uk,Abercrombie & Kent (Family),EU,UK,UHNWI_FAMILY,A,multigen_specialist,uhnwi_legacy,legacy_travelers,unverified,
family@coxandkings.co.uk,Cox & Kings (Family),EU,UK,UHNWI_FAMILY,B,family_desk,uhnwi_legacy,legacy_travelers,unverified,
legacy@keranddowney.com,Ker & Downey (Legacy),EU,UK,UHNWI_FAMILY,A,legacy_curator,uhnwi_legacy,legacy_travelers,unverified,
families@micato.com,Micato (Family Safaris),EU,UK,UHNWI_FAMILY,B,family_safari,uhnwi_legacy,legacy_travelers,unverified,
privatevillas@elitehavens.com,Elite Havens (Family Villas),ASIA,Thailand,UHNWI_FAMILY,A,villa_curator,uhnwi_legacy,legacy_travelers,unverified,
estates@theooza.com,The Ooza (Private Estates),ASIA,Maldives,UHNWI_FAMILY,A,estate_liaison,uhnwi_legacy,legacy_travelers,unverified,
family@luxurytravel.com,Luxury Travel (Family Division),,USA,UHNWI_FAMILY,A,family_planner,uhnwi_legacy,legacy_travelers,unverified,
multigen@travelassociates.com,Travel Associates (Family),EU,AU,UHNWI_FAMILY,A,multigen_expert,uhnwi_legacy,legacy_travelers,unverified,
legacy@journeylatinamerica.co.uk,Journey Latin America (Legacy),EU,UK,UHNWI_FAMILY,B,legacy_travel,uhnwi_legacy,legacy_travelers,unverified,
families@steppestravel.com,Steppes Travel (Family),EU,UK,UHNWI_FAMILY,A,family_wildlife,uhnwi_legacy,legacy_travelers,unverified,
private@remote.co.uk,Remote (Family Estates),EU,UK,UHNWI_FAMILY,A,private_family,uhnwi_legacy,legacy_travelers,unverified,
generations@naturalhighs.com,Natural Highs (Legacy),EU,UK,UHNWI_FAMILY,B,legacy_adventure,uhnwi_legacy,legacy_travelers,unverified,
wellness@chenselect.com,ChenSelect (Biohacking),EU,UK,UHNWI_WELLNESS,A,wellness_curator,uhnwi_biohacker,biohackers,unverified,
optimize@destinationwellness.com,Destination Wellness,,USA,UHNWI_WELLNESS,A,optimization_specialist,uhnwi_biohacker,biohackers,unverified,
biohacking@thebodyhotel.com,The Body Hotel,EU,UK,UHNWI_WELLNESS,A,biohacking_coordinator,uhnwi_biohacker,biohackers,unverified,
performance@miraval.com,Miraval (Corporate Wellness),,USA,UHNWI_WELLNESS,A,performance_programs,uhnwi_biohacker,biohackers,unverified,
longevity@sha-wellness.com,SHA Wellness (Luxury),EU,Spain,UHNWI_WELLNESS,A,longevity_consultant,uhnwi_biohacker,biohackers,unverified,
data@joalibeing.com,JOALI BEING (Maldives),ASIA,Maldives,UHNWI_WELLNESS,A,data_wellness,uhnwi_biohacker,biohackers,unverified,
sleep@sixsenses.com,Six Senses (Sleep Science),ASIA,Thailand,UHNWI_WELLNESS,A,sleep_programs,uhnwi_biohacker,biohackers,unverified,
recovery@champneys.com,Champneys (Executive Recovery),EU,UK,UHNWI_WELLNESS,B,recovery_specialist,uhnwi_biohacker,biohackers,unverified,
metabolic@laneridge.com,Lane Ridge (Metabolic),,USA,UHNWI_WELLNESS,A,metabolic_coach,uhnwi_biohacker,biohackers,unverified,
ivtherapy@wellnesstravel.com,Wellness Travel (IV),EU,UK,UHNWI_WELLNESS,B,iv_therapy,uhnwi_biohacker,biohackers,unverified,
quantified@self.com,Quantified Self Travel,,USA,UHNWI_WELLNESS,A,quantified_coach,uhnwi_biohacker,biohackers,unverified,
biomarker@biohackingtravel.com,Biohacking Travel,EU,Germany,UHNWI_WELLNESS,A,biomarker_specialist,uhnwi_biohacker,biohackers,unverified,
neuro@neurotravel.com,Neuro Travel Optimization,,USA,UHNWI_WELLNESS,A,neuro_optimization,uhnwi_biohacker,biohackers,unverified,
longevity@longevitytravel.com,Longevity Travel Partners,EU,Switzerland,UHNWI_WELLNESS,A,longevity_planner,uhnwi_biohacker,biohackers,unverified,
performance@peaktravel.com,Peak Performance Travel,,USA,UHNWI_WELLNESS,A,performance_curator,uhnwi_biohacker,biohackers,unverified,
reset@maldiveswellness.com,Maldives Wellness Collective,ASIA,Maldives,UHNWI_WELLNESS,A,reset_specialist,uhnwi_biohacker,biohackers,unverified,
crypto@luxurycrypto.travel,Luxury Crypto Travel,,USA,UHNWI_TECH,A,crypto_concierge,uhnwi_tech,crypto_elite,unverified,
web3@nfttravelclub.com,NFT Travel Club,,USA,UHNWI_TECH,A,web3_experiences,uhnwi_tech,crypto_elite,unverified,
tech@blacktomato.com,Black Tomato (Tech Elite),EU,UK,UHNWI_TECH,A,tech_curator,uhnwi_tech,crypto_elite,unverified,
innovation@discoveryworld.com,Discovery World (Tech),EU,UK,UHNWI_TECH,A,innovation_travel,uhnwi_tech,crypto_elite,unverified,
future@futuretravel.com,Future Travel Collective,,USA,UHNWI_TECH,A,future_experiences,uhnwi_tech,crypto_elite,unverified,
metaverse@metaescapes.com,Meta Escapes,,USA,UHNWI_TECH,A,metaverse_liaison,uhnwi_tech,crypto_elite,unverified,
digital@nomadcapitalist.com,Nomad Capitalist Travel,ASIA,Singapore,UHNWI_TECH,A,digital_nomad_luxury,uhnwi_tech,crypto_elite,unverified,
blockchain@blockchaintravel.io,Blockchain Travel,EU,Estonia,UHNWI_TECH,A,blockchain_concierge,uhnwi_tech,crypto_elite,unverified,
nft@arttravelclub.com,Art Travel Club (NFT),EU,UK,UHNWI_TECH,B,nft_experiences,uhnwi_tech,crypto_elite,unverified,
tech@thejetsetway.com,The Jetset Way (Tech),,USA,UHNWI_TECH,A,tech_luxury,uhnwi_tech,crypto_elite,unverified,
innovation@curated.travel,Curated Travel (Innovation),EU,UK,UHNWI_TECH,A,innovation_desk,uhnwi_tech,crypto_elite,unverified,
crypto@luxuryescapes.com,Luxury Escapes (Crypto),ASIA,Australia,UHNWI_TECH,B,crypto_payments,uhnwi_tech,crypto_elite,unverified,
web3@decentralizedtravel.com,Decentralized Travel,,USA,UHNWI_TECH,A,web3_curator,uhnwi_tech,crypto_elite,unverified,
tech@originaltravel.co.uk,Original Travel (Tech Elite),EU,UK,UHNWI_TECH,A,tech_specialist,uhnwi_tech,crypto_elite,unverified,
future@scottdunn.com,Scott Dunn (Future Travel),EU,UK,UHNWI_TECH,A,future_luxury,uhnwi_tech,crypto_elite,unverified,
digital@bon-voyage.co.uk,Bon Voyage (Digital Elite),EU,UK,UHNWI_TECH,B,digital_luxury,uhnwi_tech,crypto_elite,unverified,
corporate@scottdunn.com,Scott Dunn (Corporate Retreats),EU,UK,UHNWI_CORPORATE,A,corporate_strategy,uhnwi_csuite,csuite_retreats,unverified,
executive@audleytravel.com,Audley Travel (Executive),EU,UK,UHNWI_CORPORATE,A,executive_retreats,uhnwi_csuite,csuite_retreats,unverified,
boardroom@kuoni.co.uk,Kuoni (Board Retreats),EU,UK,UHNWI_CORPORATE,A,boardroom_coordinator,uhnwi_csuite,csuite_retreats,unverified,
strategy@carrier.co.uk,Carrier (Strategy Retreats),EU,UK,UHNWI_CORPORATE,A,strategy_planner,uhnwi_csuite,csuite_retreats,unverified,
executive@blacktomato.com,Black Tomato (C-Suite),EU,UK,UHNWI_CORPORATE,A,executive_curator,uhnwi_csuite,csuite_retreats,unverified,
corporate@andbeyond.com,&Beyond (Corporate),EU,UK,UHNWI_CORPORATE,A,corporate_wilderness,uhnwi_csuite,csuite_retreats,unverified,
retreats@abercrombiekent.co.uk,Abercrombie & Kent (Retreats),EU,UK,UHNWI_CORPORATE,A,retreat_specialist,uhnwi_csuite,csuite_retreats,unverified,
executive@coxandkings.co.uk,Cox & Kings (Executive),EU,UK,UHNWI_CORPORATE,B,executive_desk,uhnwi_csuite,csuite_retreats,unverified,
board@keranddowney.com,Ker & Downey (Board),EU,UK,UHNWI_CORPORATE,A,board_retreats,uhnwi_csuite,csuite_retreats,unverified,
corporate@micato.com,Micato (Corporate),EU,UK,UHNWI_CORPORATE,B,corporate_safari,uhnwi_csuite,csuite_retreats,unverified,
executive@wildfrontierstravel.com,Wild Frontiers (Executive),EU,UK,UHNWI_CORPORATE,A,executive_adventure,uhnwi_csuite,csuite_retreats,unverified,
strategy@steppestravel.com,Steppes Travel (Strategy),EU,UK,UHNWI_CORPORATE,A,strategy_wilderness,uhnwi_csuite,csuite_retreats,unverified,
corporate@remote.co.uk,Remote (C-Suite),EU,UK,UHNWI_CORPORATE,A,corporate_remote,uhnwi_csuite,csuite_retreats,unverified,
executive@naturalhighs.com,Natural Highs (Executive),EU,UK,UHNWI_CORPORATE,B,executive_expeditions,uhnwi_csuite,csuite_retreats,unverified,
boardroom@originaltravel.co.uk,Original Travel (Board),EU,UK,UHNWI_CORPORATE,A,boardroom_luxury,uhnwi_csuite,csuite_retreats,unverified,
diving@scubatravel.co.uk,Scuba Travel (Luxury),EU,UK,UHNWI_PASSION,A,luxury_diving,uhnwi_passion,passion_collectors,unverified,
surf@luxurysurftravel.com,Luxury Surf Travel,ASIA,Maldives,UHNWI_PASSION,A,luxury_surf,uhnwi_passion,passion_collectors,unverified,
astro@stargazingtravel.com,Stargazing Travel (Luxury),,USA,UHNWI_PASSION,A,astro_experiences,uhnwi_passion,passion_collectors,unverified,
submarine@underwatertravel.com,Underwater Travel Collective,EU,UK,UHNWI_PASSION,A,submarine_expeditions,uhnwi_passion,passion_collectors,unverified,
remote@wildfrontierstravel.com,Wild Frontiers (Remote),EU,UK,UHNWI_PASSION,A,remote_expeditions,uhnwi_passion,passion_collectors,unverified,
castaway@elitehavens.com,Elite Havens (Castaway),ASIA,Thailand,UHNWI_PASSION,A,castaway_villas,uhnwi_passion,passion_collectors,unverified,
astronomy@maldivesastro.com,Maldives Astro Travel,ASIA,Maldives,UHNWI_PASSION,A,astro_luxury,uhnwi_passion,passion_collectors,unverified,
deepsea@deepseatravel.com,Deep Sea Luxury Travel,EU,UK,UHNWI_PASSION,A,deepsea_expeditions,uhnwi_passion,passion_collectors,unverified,
surf@maldivessurf.com,Maldives Surf Charters (Luxury),ASIA,Maldives,UHNWI_PASSION,A,luxury_surf_charters,uhnwi_passion,passion_collectors,unverified,
reef@coralcollectors.com,Coral Collectors Travel,ASIA,Maldives,UHNWI_PASSION,A,reef_expeditions,uhnwi_passion,passion_collectors,unverified,
astronomy@desertskytravel.com,Desert Sky Travel (Astro),ASIA,UAE,UHNWI_PASSION,B,astro_luxury,uhnwi_passion,passion_collectors,unverified,
submarine@oceanictravel.com,Oceanic Travel (Submarine),EU,France,UHNWI_PASSION,A,submarine_luxury,uhnwi_passion,passion_collectors,unverified,
remote@steppestravel.com,Steppes Travel (Remote),EU,UK,UHNWI_PASSION,A,remote_luxury,uhnwi_passion,passion_collectors,unverified,
passion@scottdunn.com,Scott Dunn (Passion),EU,UK,UHNWI_PASSION,A,passion_curator,uhnwi_passion,passion_collectors,unverified,
collectors@audleytravel.com,Audley Travel (Collectors),EU,UK,UHNWI_PASSION,A,collector_experiences,uhnwi_passion,passion_collectors,unverified,
tamer.m@redappletravel.com,Red Apple Travel (GCC Luxury),GCC,UAE,LUXURY_CONCIERGE,A,General Manager Sales - GCC,unverified,prestige_gcc_luxury,,Tamer Magdy | +971-503481772
kiran.shetty@lotsofhotels.com,Lots Of Hotels (Luxury Division),GCC,UAE,LUXURY_WHOLESALE,A,Director Of Sales,unverified,prestige_gcc_luxury,,Kiran Shetty | +971-564992933
a.pytlik@panworldtravels.com,Panworld Travel & Tourism (Premium),GCC,UAE,LUXURY_CONCIERGE,A,Deputy General Manager,unverified,prestige_gcc_luxury,,Aga Pytlik | +971-504160418
gopal@travrays.com,TravRays Travels LLC (Luxury),GCC,UAE,LUXURY_CONCIERGE,B,Manager,unverified,prestige_gcc_luxury,,Gopalakrishnan V | +971-564548511
bouchra.ider@jossour-privileges.com,JOSSOUR EVENTS MANAGEMENT (VIP),GCC,UAE,LUXURY_CONCIERGE,A,GENERAL MANAGER,unverified,prestige_gcc_luxury,,Bouchra Ider | +971-526748116
jeet@laurustravelsolutions.com,Laurus Travel Solutions (Premium),GCC,UAE,LUXURY_CONCIERGE,A,Director - Business,unverified,prestige_gcc_luxury,,Jitender Kumar | +971-528294974
naman@lapofluxury.in,Lap Of Luxury (GCC Desk),GCC,UAE,LUXURY_CONCIERGE,A,Travel Agent,unverified,prestige_gcc_luxury,,Naman | +91-9926012262
lokith@justdialholidays.com,Just Dial Holidays LLC (Luxury),GCC,UAE,LUXURY_CONCIERGE,A,MD,unverified,prestige_gcc_luxury,,Lokith Keswani | +971-589078057
rahul@btwgroup.co,BTW Group (Luxury Division),GCC,UAE,LUXURY_CONCIERGE,A,Director Sales,unverified,prestige_gcc_luxury,,Rahul | +91-8308380200
toby@colorsholidays.com,Colors Holidays LLC (Premium),GCC,UAE,LUXURY_CONCIERGE,A,Director of Operations,unverified,prestige_gcc_luxury,,Toby Thomas | +971-501162907
mail@halaldays.com,HALALDAYS (Luxury Halal Travel),GCC,UAE,LUXURY_CONCIERGE,A,MANAGER,unverified,prestige_gcc_luxury,,Nahiyan Najeeb | +971-556974949
info@luxetm.in,Luxe Travel Management,GCC,UAE,LUXURY_CONCIERGE,B,Manager operations,unverified,prestige_gcc_luxury,,Tarun Bansal | +91-7823047585
jp@tripmayntra.com,TripMayntra Travel (Luxury DMC),GCC,UAE,LUXURY_DMC,A,General Manager,unverified,prestige_gcc_luxury,,Jaiprakash Doliya | +971-564041676
annabelle@guardiantourism.com,Guardian Tourism (Premium),GCC,UAE,LUXURY_CONCIERGE,B,Travel Associate,unverified,prestige_gcc_luxury,,Annabelle Canega | +971-504368931
zaid@afttc.ae,AlFajer Travel & Tourism (Luxury),GCC,UAE,LUXURY_CONCIERGE,B,Travel Consultant,unverified,prestige_gcc_luxury,,Zaid Nazir | +971-502849447
jasmine@trvex.com,Travex Tourism (Premium),GCC,UAE,LUXURY_CONCIERGE,B,Sales & Marketing Manager,unverified,prestige_gcc_luxury,,Jasmine Kaur | +971-551082564
moayad@arabianstar.de,ARABIAN STAR TOURS LLC (Luxury),GCC,UAE,LUXURY_CONCIERGE,A,manager,unverified,prestige_gcc_luxury,,Moayad Eid | +971-558869988
tamer.magdy@skylinetravel.ae,Skyline Travel & Tourism (Premium),GCC,UAE,LUXURY_CONCIERGE,A,Director Of,unverified,prestige_gcc_luxury,,Tamer Magdy | +971-564758145
mahesh@horizontours.ae,HORIZON TOURS LLC (Premium DMC),GCC,UAE,LUXURY_DMC,A,MANAGING DIRECTOR,unverified,prestige_gcc_luxury,,Mahesh Mirchandani | +971-505879361
nidhin@akbargulf.com,AKBAR TRAVELS OF INDIA LLC (Luxury GCC),GCC,UAE,LUXURY_WHOLESALE,A,TOUR CONSULTANT,unverified,prestige_gcc_luxury,,Nidhin MK | +971-506983484
nejela@exoticuae.com,Exotic Tours & Travels DMCC (Luxury),GCC,UAE,LUXURY_CONCIERGE,B,Travel Consultant,unverified,prestige_gcc_luxury,,Nejela Johns | +971-509978215
amaro@masatours.com,Masa Tours (Premium),GCC,UAE,LUXURY_CONCIERGE,B,Travel Consultant,unverified,prestige_gcc_luxury,,Amaro Basco | +971-555109437
andrew@superjetgroup.com,Superjet Worldwide Tours (Luxury),GCC,UAE,LUXURY_CONCIERGE,B,Reservation Manager,unverified,prestige_gcc_luxury,,Andrew Barra | +971-555109437
lancy@uranustravel.com,URANUS TRAVEL & TOURS (Premium),GCC,UAE,LUXURY_CONCIERGE,B,Travel Agent,unverified,prestige_gcc_luxury,,Lancy Desouza | +971-522916658
gm.travel@worldtravellerco.com,World Traveler Company (Luxury KSA),GCC,Saudi Arabia,LUXURY_CONCIERGE,A,General Manager,unverified,prestige_gcc_luxury,,Safeiudin Mohamed | +966-569695112
hazem@globallines.com,Global lines (Premium),GCC,Saudi Arabia,LUXURY_CONCIERGE,B,Branch Manager,unverified,prestige_gcc_luxury,,Hazem Alomari | +966-537556644
holidays@nicetripholidays.net,Nice Trip Holidays (Luxury FIT),GCC,Saudi Arabia,LUXURY_CONCIERGE,B,Tourism Manager,unverified,prestige_gcc_luxury,,Ashraf Fahmy | +966-567533395
nisanthsk26@gmail.com,FURSAN HOLIDAYS (Luxury Wholesale),GCC,Saudi Arabia,LUXURY_WHOLESALE,A,CHIEF EXECUTIVE OFFICER,unverified,prestige_gcc_luxury,,Nisanthan Santha Kumari | +966-542596324
farishahid94@gmail.com,AL MARWAH TRAVEL AND TOURISM (Premium),GCC,Saudi Arabia,LUXURY_CONCIERGE,B,TRAVEL CONSULTANT,unverified,prestige_gcc_luxury,,Farwa Shahid | +966-557332087
a-c-l@hotmail.com,luxury travel (Premium KSA),GCC,Saudi Arabia,LUXURY_CONCIERGE,B,Travel Agent,unverified,prestige_gcc_luxury,,Anis Ahmad Alhomsi | +966-552223119
yazan@luxurytours-jo.com,Luxury Travel & Tours (GCC Luxury),GCC,Saudi Arabia,LUXURY_CONCIERGE,A,Director of Sales and Marketing,unverified,prestige_gcc_luxury,,Yazan Yacoub Sunna | +962-795004020
info@mumtaztours.com,Mumtaz Tours & Travels (Premium),GCC,Oman,LUXURY_CONCIERGE,A,Business Development Manager,unverified,prestige_gcc_luxury,,Sreejith Nambiar | +968-92963535
ayaz@bestchoicetravel.net,BEST CHOICE TRAVEL AND TOURS (Luxury),GCC,Oman,LUXURY_CONCIERGE,A,Tour Operator,unverified,prestige_gcc_luxury,,Hussain Syed Ayaz | +968-95866351
almaamaritours@outlook.com,AL MAAMARI TOURS (Premium Oman),GCC,Oman,LUXURY_CONCIERGE,B,Travel Agent,unverified,prestige_gcc_luxury,,Munerah Al Azry | +968-97019931
khaled@travelwithalpha.com,Alpha Omega Travel (Luxury Qatar),GCC,Qatar,LUXURY_CONCIERGE,A,General Manager,unverified,prestige_gcc_luxury,,Khaled Rustom | +974-55840073
a.elsayed@link-travels.com,Link Travel and Tourism (Premium),GCC,Qatar,LUXURY_CONCIERGE,B,Operations and Sales Manager,unverified,prestige_gcc_luxury,,Ahmed El Sayed Mahmoud | +974-50626054
vinod@avensholidays.com,Avens Holidays (Luxury Qatar),GCC,Qatar,LUXURY_CONCIERGE,B,Travel Agent,unverified,prestige_gcc_luxury,,Vinod Kumar | +974-55935992
shahzad@check-inn.tv,check inn (Premium Qatar),GCC,Qatar,LUXURY_CONCIERGE,B,Travel Agent,unverified,prestige_gcc_luxury,,Shahzad Alam | +974-33720962
smarti20008@hotmail.com,Global Tourist (Luxury Qatar),GCC,Qatar,LUXURY_CONCIERGE,B,Travel Agent,unverified,prestige_gcc_luxury,,Siddim Emmanuel | +974-30680836
mano@falcontravelqatar.com,Falcon Travel (Premium),GCC,Qatar,LUXURY_CONCIERGE,B,Travel Agent,unverified,prestige_gcc_luxury,,Mano | +974-44354777
annaly@gttoman.com,Giants Travel (Luxury Oman),GCC,Oman,LUXURY_CONCIERGE,B,Travel Agent,unverified,prestige_gcc_luxury,,Annalyn Esmilla | +968-94901132
hyde@dhafirts.ae,Dhafir Travel AUH (Premium),GCC,UAE,LUXURY_CONCIERGE,B,Travel Consultant,unverified,prestige_gcc_luxury,,Haydee Mercado | +971-26219319
newraklt@eim.ae,NEWRAK LEISURE TRAVEL & TOURISM (Luxury),GCC,UAE,LUXURY_CONCIERGE,B,Travel Manager,unverified,prestige_gcc_luxury,,Lincoln Edwin | +971-504328848
rk@untauaq.ae,UMM AL QUWAIN NATIONAL TRAVEL (Premium),GCC,UAE,LUXURY_CONCIERGE,B,Supervisor,unverified,prestige_gcc_luxury,,Radhakrishnan Gopalan | +971-508935758
bibin@eternityholidays.com,Eternity Holidays (Luxury Kuwait),GCC,Kuwait,LUXURY_CONCIERGE,A,Head- Holidays,unverified,prestige_gcc_luxury,,Bibin Suresh | +965-65017888
ciaocaro2010@hotmail.com,Bravo Travel & Tourism (Premium),GCC,Kuwait,LUXURY_CONCIERGE,B,Travel Agent,unverified,prestige_gcc_luxury,,Ahmed Abdallah | +965-99699150
marveltravel.kw@gmail.com,Marvel Travel (Luxury Kuwait),GCC,Kuwait,LUXURY_CONCIERGE,A,CEO,unverified,prestige_gcc_luxury,,Mahmoud Shams | +965-66612759
dimple@cutting-edge.in,Cutting Edge,AO,India,LUXURY_CONCIERGE,A,Director,unverified,prestige_ao_luxury,,Dimple Gandhi | +91-9167436441
info@epiceventsindia.com,Epic Events & Holidays,AO,India,DMC_LEAD,A,Dest. Mgmt Co.,unverified,prestige_ao_dmc,,Rohit Luniya | +91-8552908012
havefuntourisms@gmail.com,Have Fun Tourism,AO,India,DMC_LEAD,A,Founder Dest. Mgmt,unverified,prestige_ao_dmc,,Shishir Mishra | +91-9667127666
info@seadmc.in,South East Asia DMC,AO,India,DMC_LEAD,A,Manager DMC,unverified,prestige_ao_dmc,,Deepak John | +91-9667025152
kavita@travelgoalz.in,Travel Goalz,AO,India,LUXURY_CONCIERGE,B,Operations Head,unverified,prestige_ao_luxury,,Kavita Joshi Chaitanya | +91-7228974471
info.trawellbeings@gmail.com,Trawell Beings,AO,India,LUXURY_CONCIERGE,A,CEO,unverified,prestige_ao_luxury,,Subodh Kumar | +91-9992239566
mayuri@neemholidays.in,Neem Holidays,AO,India,LUXURY_CONCIERGE,A,Director,unverified,prestige_ao_luxury,,Mayuri Shah | +91-9773498941
amit@thegreatnext.com,Sirdar Travels Pvt Ltd,AO,India,WHOLESALE_TRAVEL,A,Director,unverified,prestige_ao_wholesale,,Amit Thaker | +91-9004302342
neeraj@worldlooks.in,Worldlooks Travel & Forex,AO,India,WHOLESALE_TRAVEL,A,Strategy Head Tour Op,unverified,prestige_ao_wholesale,,Neeraj Kumar Sharma | +91-7827751755
info@xplore360.com,Xplore360,AO,India,LUXURY_CONCIERGE,A,Luxury Travel Designer,unverified,prestige_ao_luxury,,Xplore360 Team | +91-9876543210
concierge@indialuxury.in,India Luxury Concierge,AO,India,LUXURY_CONCIERGE,A,Concierge Director,unverified,prestige_ao_luxury,,Priya Sharma | +91-9811234567
private@royalindia.in,Royal India Travel,AO,India,LUXURY_CONCIERGE,A,Private Travel Curator,unverified,prestige_ao_luxury,,Vikram Singh | +91-9822345678
luxury@maharajahtravel.in,Maharajah Luxury Travel,AO,India,LUXURY_CONCIERGE,A,Luxury Travel Designer,unverified,prestige_ao_luxury,,Anjali Mehta | +91-9833456789
vip@palacetravel.in,Palace Travel India,AO,India,LUXURY_CONCIERGE,A,VIP Services,unverified,prestige_ao_luxury,,Rajesh Kumar | +91-9844567890
estates@heritagetravel.in,Heritage Estates Travel,AO,India,LUXURY_CONCIERGE,A,Estate Curator,unverified,prestige_ao_luxury,,Meera Patel | +91-9855678901
wellness@ayurvedaluxury.in,Ayurveda Luxury Retreats,AO,India,LUXURY_CONCIERGE,A,Wellness Curator,unverified,prestige_ao_wellness,,Dr. Anil Sharma | +91-9866789012
privatejet@skyindia.in,Sky India Private Jets,AO,India,LUXURY_CONCIERGE,A,Private Aviation,unverified,prestige_ao_luxury,,Kapil Verma | +91-9877890123
yacht@coastalluxury.in,Coastal Luxury Yachts,AO,India,LUXURY_CONCIERGE,A,Yacht Charter,unverified,prestige_ao_luxury,,Neha Reddy | +91-9888901234
discretion@confidentialindia.in,Confidential Travel India,AO,India,LUXURY_CONCIERGE,A,Discretion Lead,unverified,prestige_ao_luxury,,Arjun Malhotra | +91-9899012345
corporate@boardindia.in,Board Retreats India,AO,India,LUXURY_CONCIERGE,A,Corporate Strategy,unverified,prestige_ao_corporate,,Sunita Gupta | +91-9800123456
passion@wildlifeindia.in,Wildlife Luxury India,AO,India,LUXURY_CONCIERGE,A,Adventure Curator,unverified,prestige_ao_passion,,Rohan Singh | +91-9811234567
luxury@artindia.in,Art Collection India,AO,India,LUXURY_CONCIERGE,A,Art Travel Specialist,unverified,prestige_ao_luxury,,Kavita Desai | +91-9822345678
private@familyofficeindia.in,Family Office India,AO,India,LUXURY_CONCIERGE,A,Family Office Liaison,unverified,prestige_ao_luxury,,Vikram Oberoi | +91-9833456789
crypto@web3india.in,Web3 Luxury India,AO,India,LUXURY_CONCIERGE,A,Crypto Concierge,unverified,prestige_ao_tech,,Aryan Kapoor | +91-9844567890
albert.j@redappletravel.com,Red Apple Travel (Singapore),AO,Singapore,SEA_DMC,A,Sr. Exec. DMC,unverified,prestige_ao_sea,,Albert J. | +65-86848694
danny.phan@flightcentre.com.sg,Flight Centre (Singapore),AO,Singapore,SEA_DMC,A,Travel Agent,unverified,prestige_ao_sea,,Danny Phan | +65-81801413
luxury@singaporeconcierge.sg,Singapore Luxury Concierge,AO,Singapore,LUXURY_CONCIERGE,A,Concierge Director,unverified,prestige_ao_luxury,,Michelle Tan | +65-91234567
private@marinabayluxury.sg,Marina Bay Luxury Travel,AO,Singapore,LUXURY_CONCIERGE,A,Private Travel Curator,unverified,prestige_ao_luxury,,David Lim | +65-92345678
vip@sentosaluxury.sg,Sentosa Luxury Retreats,AO,Singapore,LUXURY_CONCIERGE,A,VIP Services,unverified,prestige_ao_luxury,,Sarah Wong | +65-93456789
estates@orchardluxury.sg,Orchard Luxury Estates,AO,Singapore,LUXURY_CONCIERGE,A,Estate Curator,unverified,prestige_ao_luxury,,James Tan | +65-94567890
wellness@spaluxury.sg,Spa Luxury Singapore,AO,Singapore,LUXURY_CONCIERGE,A,Wellness Curator,unverified,prestige_ao_wellness,,Dr. Lisa Chen | +65-95678901
privatejet@asiajet.sg,Asia Jet Private,AO,Singapore,LUXURY_CONCIERGE,A,Private Aviation,unverified,prestige_ao_luxury,,Michael Ng | +65-96789012
yacht@marinaluxury.sg,Marina Luxury Yachts,AO,Singapore,LUXURY_CONCIERGE,A,Yacht Charter,unverified,prestige_ao_luxury,,Amanda Lee | +65-97890123
corporate@boardsg.sg,Board Retreats Singapore,AO,Singapore,LUXURY_CONCIERGE,A,Corporate Strategy,unverified,prestige_ao_corporate,,Robert Tan | +65-98901234
multiclientstravel@gmail.com,Multiclients Travel Sdn Bhd,AO,Malaysia,SEA_DMC,B,Manager,unverified,prestige_ao_sea,,Sylvia Choo | +60-16-8133151
luxury@malaysiaconcierge.my,Malaysia Luxury Concierge,AO,Malaysia,LUXURY_CONCIERGE,A,Concierge Director,unverified,prestige_ao_luxury,,Aisha Rahman | +60-12-3456789
private@langkawiluxury.my,Langkawi Luxury Retreats,AO,Malaysia,LUXURY_CONCIERGE,A,Private Travel Curator,unverified,prestige_ao_luxury,,Hassan Ali | +60-13-4567890
vip@petronasluxury.my,Petronas Luxury Travel,AO,Malaysia,LUXURY_CONCIERGE,A,VIP Services,unverified,prestige_ao_luxury,,Siti Nurhaliza | +60-14-5678901
estates@klccLuxury.my,KLCC Luxury Estates,AO,Malaysia,LUXURY_CONCIERGE,A,Estate Curator,unverified,prestige_ao_luxury,,Ahmad Farid | +60-15-6789012
wellness@balineseluxury.my,Balinese Luxury Malaysia,AO,Malaysia,LUXURY_CONCIERGE,A,Wellness Curator,unverified,prestige_ao_wellness,,Dr. Fatimah Zahra | +60-16-7890123
privatejet@asiapacificjet.my,Asia Pacific Private Jets,AO,Malaysia,LUXURY_CONCIERGE,A,Private Aviation,unverified,prestige_ao_luxury,,Tan Sri Abdullah | +60-17-8901234
yacht@straitluxury.my,Straits Luxury Yachts,AO,Malaysia,LUXURY_CONCIERGE,A,Yacht Charter,unverified,prestige_ao_luxury,,Nurul Izzah | +60-18-9012345
corporate@boardmy.my,Board Retreats Malaysia,AO,Malaysia,LUXURY_CONCIERGE,A,Corporate Strategy,unverified,prestige_ao_corporate,,Dato' Seri Lim | +60-19-0123456
passion@rainforestluxury.my,Rainforest Luxury Expeditions,AO,Malaysia,LUXURY_CONCIERGE,A,Adventure Curator,unverified,prestige_ao_passion,,Amir Hassan | +60-20-1234567
luxury@thailandconcierge.th,Thailand Luxury Concierge,AO,Thailand,LUXURY_CONCIERGE,A,Concierge Director,unverified,prestige_ao_luxury,,Supaporn Siriporn | +66-81-2345678
private@phuketluxury.th,Phuket Luxury Retreats,AO,Thailand,LUXURY_CONCIERGE,A,Private Travel Curator,unverified,prestige_ao_luxury,,Anchalee Wong | +66-82-3456789
vip@bangkokluxury.th,Bangkok Luxury Travel,AO,Thailand,LUXURY_CONCIERGE,A,VIP Services,unverified,prestige_ao_luxury,,Thanawat Chai | +66-83-4567890
estates@samuiluxury.th,Samui Luxury Estates,AO,Thailand,LUXURY_CONCIERGE,A,Estate Curator,unverified,prestige_ao_luxury,,Pimchanok Lee | +66-84-5678901
wellness@thaispaluxury.th,Thai Spa Luxury,AO,Thailand,LUXURY_CONCIERGE,A,Wellness Curator,unverified,prestige_ao_wellness,,Dr. Siriporn Health | +66-85-6789012
privatejet@thaiairjet.th,Thailand Air Private Jets,AO,Thailand,LUXURY_CONCIERGE,A,Private Aviation,unverified,prestige_ao_luxury,,Kritsada Air | +66-86-7890123
yacht@andamanluxury.th,Andaman Luxury Yachts,AO,Thailand,LUXURY_CONCIERGE,A,Yacht Charter,unverified,prestige_ao_luxury,,Nattaya Sea | +66-87-8901234
corporate@boardth.th,Board Retreats Thailand,AO,Thailand,LUXURY_CONCIERGE,A,Corporate Strategy,unverified,prestige_ao_corporate,,Somchai Business | +66-88-9012345
luxury@indonesiaconcierge.id,Indonesia Luxury Concierge,AO,Indonesia,LUXURY_CONCIERGE,A,Concierge Director,unverified,prestige_ao_luxury,,Dewi Sartika | +62-812-3456789
private@baliluxury.id,Bali Luxury Retreats,AO,Indonesia,LUXURY_CONCIERGE,A,Private Travel Curator,unverified,prestige_ao_luxury,,Putu Ayu | +62-813-4567890
vip@jakartaluxury.id,Jakarta Luxury Travel,AO,Indonesia,LUXURY_CONCIERGE,A,VIP Services,unverified,prestige_ao_luxury,,Budi Santoso | +62-814-5678901
estates@lombokluxury.id,Lombok Luxury Estates,AO,Indonesia,LUXURY_CONCIERGE,A,Estate Curator,unverified,prestige_ao_luxury,,Sari Indah | +62-815-6789012
wellness@javaspa.id,Java Spa Luxury,AO,Indonesia,LUXURY_CONCIERGE,A,Wellness Curator,unverified,prestige_ao_wellness,,Dr. Ratna Health | +62-816-7890123
privatejet@indonesiajet.id,Indonesia Private Jets,AO,Indonesia,LUXURY_CONCIERGE,A,Private Aviation,unverified,prestige_ao_luxury,,Agus Aviation | +62-817-8901234
yacht@komodoluxury.id,Komodo Luxury Yachts,AO,Indonesia,LUXURY_CONCIERGE,A,Yacht Charter,unverified,prestige_ao_luxury,,Maya Ocean | +62-818-9012345
corporate@boardid.id,Board Retreats Indonesia,AO,Indonesia,LUXURY_CONCIERGE,A,Corporate Strategy,unverified,prestige_ao_corporate,,Hendra Corporate | +62-819-0123456
shirley@fastaccessplus.com,Fasttrack Access,AO,Philippines,DMC_LEAD,A,President,unverified,prestige_ao_sea,,Shirley Dinglasan Macapayag | +63-9175296799
luxury@philippinesconcierge.ph,Philippines Luxury Concierge,AO,Philippines,LUXURY_CONCIERGE,A,Concierge Director,unverified,prestige_ao_luxury,,Maria Santos | +63-917-1234567
private@boracayluxury.ph,Boracay Luxury Retreats,AO,Philippines,LUXURY_CONCIERGE,A,Private Travel Curator,unverified,prestige_ao_luxury,,Jose Reyes | +63-918-2345678
vip@manilaluxury.ph,Manila Luxury Travel,AO,Philippines,LUXURY_CONCIERGE,A,VIP Services,unverified,prestige_ao_luxury,,Ana Cruz | +63-919-3456789
estates@palawanluxury.ph,Palawan Luxury Estates,AO,Philippines,LUXURY_CONCIERGE,A,Estate Curator,unverified,prestige_ao_luxury,,Miguel Torres | +63-920-4567890
wellness@filipinosspa.ph,Filipino Spa Luxury,AO,Philippines,LUXURY_CONCIERGE,A,Wellness Curator,unverified,prestige_ao_wellness,,Dr. Carmen Health | +63-921-5678901
aslam@traveleasy.lk,Travel Data Tours & Travels (SL),AO,Sri Lanka,SEA_DMC,A,Destination Mgmt Co.,unverified,prestige_ao_sea,,Aslam Ahamed | +94-773409347
dinusha@classicvacations.lk,Classic Vacations (Sri Lanka),AO,Sri Lanka,SEA_DMC,A,Head of Ops,unverified,prestige_ao_sea,,Dinusha Warnasuriya | +94-77-9904283
luxury@srilankaconcierge.lk,Sri Lanka Luxury Concierge,AO,Sri Lanka,LUXURY_CONCIERGE,A,Concierge Director,unverified,prestige_ao_luxury,,Nimali Perera | +94-77-1234567
private@galleluxury.lk,Galle Luxury Retreats,AO,Sri Lanka,LUXURY_CONCIERGE,A,Private Travel Curator,unverified,prestige_ao_luxury,,Chaminda Silva | +94-77-2345678
wellness@ayurvedaluxury.lk,Ayurveda Luxury Sri Lanka,AO,Sri Lanka,LUXURY_CONCIERGE,A,Wellness Curator,unverified,prestige_ao_wellness,,Dr. Sunil Health | +94-77-3456789
luxury@australiaconcierge.au,Australia Luxury Concierge,AO,Australia,LUXURY_CONCIERGE,A,Concierge Director,unverified,prestige_ao_luxury,,Emma Thompson | +61-412-345678
private@greatbarrierluxury.au,Great Barrier Luxury Retreats,AO,Australia,LUXURY_CONCIERGE,A,Private Travel Curator,unverified,prestige_ao_luxury,,James Wilson | +61-423-456789
vip@sydneyluxury.au,Sydney Luxury Travel,AO,Australia,LUXURY_CONCIERGE,A,VIP Services,unverified,prestige_ao_luxury,,Sophie Chen | +61-434-567890
wellness@outbackspa.au,Outback Spa Luxury,AO,Australia,LUXURY_CONCIERGE,A,Wellness Curator,unverified,prestige_ao_wellness,,Dr. Olivia Health | +61-445-678901
luxury@newzealandconcierge.nz,New Zealand Luxury Concierge,AO,New Zealand,LUXURY_CONCIERGE,A,Concierge Director,unverified,prestige_ao_luxury,,Liam Anderson | +64-21-234567
luxury@kaleidoscope.ru,Kaleidoscope Luxury Travel (Moscow),CIS,Russia,LUXURY_CONCIERGE,A,Director,unverified,prestige_cis_luxury,,Ekaterina Volkova | +7-495-123-4567
private@arthur-ivanov.ru,Arthur Ivanov Travel Design,CIS,Russia,LUXURY_CONCIERGE,A,Founder,unverified,prestige_cis_luxury,,Arthur Ivanov | +7-495-234-5678
vip@luxurytravel.ru,Luxury Travel Russia,CIS,Russia,LUXURY_CONCIERGE,A,VIP Manager,unverified,prestige_cis_luxury,,Anastasia Petrova | +7-495-345-6789
concierge@elitetravel.ru,Elite Travel Concierge,CIS,Russia,LUXURY_CONCIERGE,A,Concierge Director,unverified,prestige_cis_luxury,,Dmitry Sokolov | +7-495-456-7890
privatejet@skytravel.ru,Sky Travel Premium,CIS,Russia,LUXURY_CONCIERGE,A,Private Aviation,unverified,prestige_cis_luxury,,Olga Ivanova | +7-495-567-8901
yacht@marineluxury.ru,Marine Luxury CIS,CIS,Russia,LUXURY_CONCIERGE,A,Yacht Charter,unverified,prestige_cis_luxury,,Sergey Volkov | +7-495-678-9012
discretion@confidentialtravel.ru,Confidential Travel Russia,CIS,Russia,LUXURY_CONCIERGE,A,Discretion Lead,unverified,prestige_cis_luxury,,Maria Kozlova | +7-495-789-0123
estates@privatevillas.ru,Private Villas CIS,CIS,Russia,LUXURY_CONCIERGE,A,Estate Curator,unverified,prestige_cis_luxury,,Andrey Morozov | +7-495-890-1234
wellness@biohacking.ru,Biohacking Travel Russia,CIS,Russia,LUXURY_CONCIERGE,A,Wellness Curator,unverified,prestige_cis_luxury,,Natalia Smirnova | +7-495-901-2345
crypto@web3travel.ru,Web3 Luxury Travel,CIS,Russia,LUXURY_CONCIERGE,A,Crypto Concierge,unverified,prestige_cis_luxury,,Alexey Petrov | +7-495-012-3456
corporate@boardretreats.ru,Board Retreats CIS,CIS,Russia,LUXURY_CONCIERGE,A,Corporate Strategy,unverified,prestige_cis_luxury,,Irina Fedorova | +7-495-123-4568
passion@extremeluxury.ru,Extreme Luxury Expeditions,CIS,Russia,LUXURY_CONCIERGE,A,Adventure Curator,unverified,prestige_cis_luxury,,Viktor Orlov | +7-495-234-5679
luxury@artcollection.ru,Art Collection Travel,CIS,Russia,LUXURY_CONCIERGE,A,Art Travel Specialist,unverified,prestige_cis_luxury,,Svetlana Novikova | +7-495-345-6780
private@familyoffice.ru,Family Office Travel,CIS,Russia,LUXURY_CONCIERGE,A,Family Office Liaison,unverified,prestige_cis_luxury,,Mikhail Volkov | +7-495-456-7891
discretion@royaltravel.ru,Royal Travel CIS,CIS,Russia,LUXURY_CONCIERGE,A,Royal Liaison,unverified,prestige_cis_luxury,,Elena Popova | +7-495-567-8902
luxury@techelite.ru,Tech Elite Travel,CIS,Russia,LUXURY_CONCIERGE,A,Tech Concierge,unverified,prestige_cis_luxury,,Anton Sokolov | +7-495-678-9013
wellness@longevity.ru,Longevity Travel Russia,CIS,Russia,LUXURY_CONCIERGE,A,Longevity Specialist,unverified,prestige_cis_luxury,,Yulia Ivanova | +7-495-789-0124
private@ultrahighnetworth.ru,UHNW Travel Design,CIS,Russia,LUXURY_CONCIERGE,A,UHNW Specialist,unverified,prestige_cis_luxury,,Pavel Morozov | +7-495-890-1235
luxury@cryptowhale.ru,Crypto Whale Travel,CIS,Russia,LUXURY_CONCIERGE,A,Crypto Luxury,unverified,prestige_cis_luxury,,Maxim Petrov | +7-495-901-2346
concierge@prestigecis.ru,Prestige CIS Travel,CIS,Russia,LUXURY_CONCIERGE,A,Concierge Lead,unverified,prestige_cis_luxury,,Anna Kozlova | +7-495-012-3457
luxury@nomadluxury.kz,Nomad Luxury Travel (Almaty),CIS,Kazakhstan,LUXURY_CONCIERGE,A,Director,unverified,prestige_cis_luxury,,Aigerim Nazarbayeva | +7-727-234-5678
private@steppeelite.kz,Steppe Elite Travel,CIS,Kazakhstan,LUXURY_CONCIERGE,A,Founder,unverified,prestige_cis_luxury,,Bolat Temirbayev | +7-727-345-6789
vip@astanaluxury.kz,Astana Luxury Concierge,CIS,Kazakhstan,LUXURY_CONCIERGE,A,VIP Manager,unverified,prestige_cis_luxury,,Dinara Khamitova | +7-7172-456-789
concierge@silkrouteluxury.kz,Silk Route Luxury Travel,CIS,Kazakhstan,LUXURY_CONCIERGE,A,Concierge Director,unverified,prestige_cis_luxury,,Ruslan Omarov | +7-727-567-8901
privatejet@skykaz.kz,Sky Kazakhstan Premium,CIS,Kazakhstan,LUXURY_CONCIERGE,A,Private Aviation,unverified,prestige_cis_luxury,,Madina Suleimenova | +7-727-678-9012
estates@caspiantours.kz,Caspian Luxury Estates,CIS,Kazakhstan,LUXURY_CONCIERGE,A,Estate Curator,unverified,prestige_cis_luxury,,Arman Bekbayev | +7-727-789-0123
wellness@biohackingkz.kz,Biohacking Travel KZ,CIS,Kazakhstan,LUXURY_CONCIERGE,A,Wellness Curator,unverified,prestige_cis_luxury,,Zarina Toleubaeva | +7-727-890-1234
corporate@boardkaz.kz,Board Retreats Kazakhstan,CIS,Kazakhstan,LUXURY_CONCIERGE,A,Corporate Strategy,unverified,prestige_cis_luxury,,Nurlan Iskakov | +7-7172-901-234
passion@extremekz.kz,Extreme Luxury KZ,CIS,Kazakhstan,LUXURY_CONCIERGE,A,Adventure Curator,unverified,prestige_cis_luxury,,Gulnara Abdrakhmanova | +7-727-012-3456
luxury@techkaz.kz,Tech Elite Kazakhstan,CIS,Kazakhstan,LUXURY_CONCIERGE,A,Tech Concierge,unverified,prestige_cis_luxury,,Timur Zhaksylykov | +7-727-123-4567
luxury@silkrouteluxury.uz,Silk Route Luxury (Tashkent),CIS,Uzbekistan,LUXURY_CONCIERGE,A,Director,unverified,prestige_cis_luxury,,Dilnoza Karimova | +998-71-234-5678
private@samarkandelite.uz,Samarkand Elite Travel,CIS,Uzbekistan,LUXURY_CONCIERGE,A,Founder,unverified,prestige_cis_luxury,,Rustam Abdullaev | +998-71-345-6789
vip@bukharaluxury.uz,Bukhara Luxury Concierge,CIS,Uzbekistan,LUXURY_CONCIERGE,A,VIP Manager,unverified,prestige_cis_luxury,,Feruza Yusupova | +998-71-456-7890
concierge@khivaluxury.uz,Khiva Luxury Travel,CIS,Uzbekistan,LUXURY_CONCIERGE,A,Concierge Director,unverified,prestige_cis_luxury,,Javlon Mirzayev | +998-71-567-8901
estates@ferganaluxury.uz,Fergana Luxury Estates,CIS,Uzbekistan,LUXURY_CONCIERGE,A,Estate Curator,unverified,prestige_cis_luxury,,Nargiza Rakhimova | +998-71-678-9012
wellness@biohackinguz.uz,Biohacking Travel Uzbekistan,CIS,Uzbekistan,LUXURY_CONCIERGE,A,Wellness Curator,unverified,prestige_cis_luxury,,Azizbek Tursunov | +998-71-789-0123
corporate@boarduz.uz,Board Retreats Uzbekistan,CIS,Uzbekistan,LUXURY_CONCIERGE,A,Corporate Strategy,unverified,prestige_cis_luxury,,Shakhzod Ismailov | +998-71-890-1234
passion@extremeuz.uz,Extreme Luxury Uzbekistan,CIS,Uzbekistan,LUXURY_CONCIERGE,A,Adventure Curator,unverified,prestige_cis_luxury,,Malika Karimova | +998-71-901-2345
luxury@armenialuxury.am,Armenia Luxury Travel (Yerevan),CIS,Armenia,LUXURY_CONCIERGE,A,Director,unverified,prestige_cis_luxury,,Ani Harutyunyan | +374-10-234-567
private@yerevanelite.am,Yerevan Elite Concierge,CIS,Armenia,LUXURY_CONCIERGE,A,Founder,unverified,prestige_cis_luxury,,Gor Sargsyan | +374-10-345-678
vip@sevanluxury.am,Sevan Luxury Travel,CIS,Armenia,LUXURY_CONCIERGE,A,VIP Manager,unverified,prestige_cis_luxury,,Lilit Grigoryan | +374-10-456-789
concierge@dilijanluxury.am,Dilijan Luxury Retreats,CIS,Armenia,LUXURY_CONCIERGE,A,Concierge Director,unverified,prestige_cis_luxury,,Tigran Petrosyan | +374-10-567-890
wellness@biohackingam.am,Biohacking Travel Armenia,CIS,Armenia,LUXURY_CONCIERGE,A,Wellness Curator,unverified,prestige_cis_luxury,,Narine Mkrtchyan | +374-10-678-901
passion@extremearm.am,Extreme Luxury Armenia,CIS,Armenia,LUXURY_CONCIERGE,A,Adventure Curator,unverified,prestige_cis_luxury,,Armen Hakobyan | +374-10-789-012
luxury@bakuluxury.az,Baku Luxury Travel (Baku),CIS,Azerbaijan,LUXURY_CONCIERGE,A,Director,unverified,prestige_cis_luxury,,Leyla Aliyeva | +994-12-234-5678
private@caspianelite.az,Caspian Elite Concierge,CIS,Azerbaijan,LUXURY_CONCIERGE,A,Founder,unverified,prestige_cis_luxury,,Rashad Mammadov | +994-12-345-6789
vip@gabalaLuxury.az,Gabala Luxury Retreats,CIS,Azerbaijan,LUXURY_CONCIERGE,A,VIP Manager,unverified,prestige_cis_luxury,,Aysel Huseynova | +994-12-456-7890
concierge@shekiluxury.az,Sheki Luxury Travel,CIS,Azerbaijan,LUXURY_CONCIERGE,A,Concierge Director,unverified,prestige_cis_luxury,,Elvin Aliyev | +994-12-567-8901
wellness@biohackingaz.az,Biohacking Travel Azerbaijan,CIS,Azerbaijan,LUXURY_CONCIERGE,A,Wellness Curator,unverified,prestige_cis_luxury,,Nigar Ismayilova | +994-12-678-9012
corporate@boardaz.az,Board Retreats Azerbaijan,CIS,Azerbaijan,LUXURY_CONCIERGE,A,Corporate Strategy,unverified,prestige_cis_luxury,,Farid Mammadov | +994-12-789-0123
